<?xml version="1.0" encoding="utf-8"?>
<extension type="component" version="3.2" method="upgrade">
 
        <name>Hello World!</name>
        <!-- The following elements are optional and free of formatting constraints -->
        <creationDate>Novembar 2014</creationDate>
        <author>Malik Begovic</author>
        <authorEmail>begovic.malik@hotmail.com</authorEmail>
        <authorUrl>http://www.maxlab.ba</authorUrl>
        <copyright>Copyright Info</copyright>
        <license>License Info</license>
        <!--  The version string is recorded in the components table -->
        <version>0.0.2</version>
        <!-- The description is optional and defaults to the name -->
        <description>Testna komponenta u svrhu ucenja ...</description>
 
        <update> <!-- Runs on update; New since J2.5 -->
                <schemas>
                        <schemapath type="mysql">sql/updates/mysql/</schemapath>
                </schemas>
        </update>
 
        <!-- Site Main File Copy Section -->
        <!-- Note the folder attribute: This attribute describes the folder
                to copy FROM in the package to install therefore files copied
                in this section are copied from /site/ in the package -->
        <files folder="site">
                <filename>index.html</filename>
                <filename>helloworld.php</filename>
				<filename>controller.php</filename>
				<folder>views</folder>
        </files>
 
        <administration>
                <!-- Administration Menu Section -->
                <menu>Hello World!</menu>
                <!-- Administration Main File Copy Section -->
                <!-- Note the folder attribute: This attribute describes the folder
                        to copy FROM in the package to install therefore files copied
                        in this section are copied from /admin/ in the package -->
                <files folder="admin">
                        <!-- Admin Main File Copy Section -->
                        <filename>index.html</filename>
                        <filename>helloworld.php</filename>
                        <!-- SQL files section -->
                        <folder>sql</folder>
                </files>
        </administration>
 
</extension>